email,password
loadtest1@mediqr.com,123456789
loadtest2@mediqr.com,123456789
loadtest3@mediqr.com,123456789
loadtest4@mediqr.com,123456789
loadtest5@mediqr.com,123456789
loadtest6@mediqr.com,123456789
loadtest7@mediqr.com,123456789
loadtest8@mediqr.com,123456789
loadtest9@mediqr.com,123456789
loadtest10@mediqr.com,123456789
loadtest11@mediqr.com,123456789
loadtest12@mediqr.com,123456789
loadtest13@mediqr.com,123456789
loadtest14@mediqr.com,123456789
loadtest15@mediqr.com,123456789
loadtest16@mediqr.com,123456789
loadtest17@mediqr.com,123456789
loadtest18@mediqr.com,123456789
loadtest19@mediqr.com,123456789
loadtest20@mediqr.com,123456789